id;title;content;date
1;Singapore Limousin;../fake-data/blob/hipster.txt;2021-04-11T03:22:45
2;Technicien;../fake-data/blob/hipster.txt;2021-04-11T08:31:21
3;world-class Hat;../fake-data/blob/hipster.txt;2021-04-10T21:28:11
4;solutions;../fake-data/blob/hipster.txt;2021-04-11T06:40:48
5;Loan;../fake-data/blob/hipster.txt;2021-04-10T19:54:10
6;Pataca;../fake-data/blob/hipster.txt;2021-04-11T11:16:23
7;Limousin Huchette;../fake-data/blob/hipster.txt;2021-04-10T20:39:39
8;repurpose Djibouti methodologies;../fake-data/blob/hipster.txt;2021-04-10T19:34:53
9;system;../fake-data/blob/hipster.txt;2021-04-10T21:23:29
10;backing;../fake-data/blob/hipster.txt;2021-04-11T07:01:06
